id,firstname,lastname,email,gender,department,company
1,Coralyn,Schops,cschops0@skyrock.com,Female,Legal,Babblestorm
2,Cookie,Brownsworth,cbrownsworth1@sogou.com,Female,Services,Cogilith
3,Edward,Master,emaster2@hc360.com,Male,Research and Development,Babbleset
4,Aaren,Oglethorpe,aoglethorpe3@earthlink.net,Female,Accounting,Meejo
5,Rosita,Balog,rbalog4@howstuffworks.com,Female,Business Development,Mycat
6,Nick,Seel,nseel5@constantcontact.com,Male,Business Development,Eamia
7,Margeaux,Inkle,minkle6@latimes.com,Female,Business Development,Yakitri
8,Bent,Ealles,bealles7@google.nl,Male,Training,Skalith
9,Egan,Blumson,eblumson8@pen.io,Male,Human Resources,Flashpoint
10,Jena,Redolfi,jredolfi9@bloglovin.com,Female,Research and Development,Youspan
11,Fawn,Greeding,fgreedinga@indiegogo.com,Female,Product Management,Meedoo
12,Gregory,Noorwood,gnoorwoodb@nytimes.com,Male,Support,Photospace
13,Adrea,Valentim,avalentimc@simplemachines.org,Female,Legal,Vitz
14,Lynelle,Verrell,lverrelld@state.tx.us,Female,Accounting,LiveZ
15,Jamaal,Ongin,jongine@mozilla.org,Male,Legal,Edgeify
16,Muffin,Manuele,mmanuelef@tripod.com,Female,Accounting,Yakijo
17,Sanders,Hindhaugh,shindhaughg@com.com,Male,Marketing,Layo
18,Lavinie,Bonehill,lbonehillh@rakuten.co.jp,Female,Engineering,Kamba
19,Averil,Roset,aroseti@quantcast.com,Female,Services,Janyx
20,Robbie,Nottram,rnottramj@craigslist.org,Male,Engineering,Twitterworks
21,Huey,Biddlecombe,hbiddlecombek@sitemeter.com,Male,Accounting,Cogibox
22,Elfreda,Norley,enorleyl@fda.gov,Female,Services,Quamba
23,Adolpho,Polden,apoldenm@shareasale.com,Male,Engineering,Buzzdog
24,Brittne,Le Surf,blesurfn@accuweather.com,Female,Engineering,Trilia
25,Loy,Smullen,lsmulleno@examiner.com,Male,Accounting,Skinix
26,Paulie,Bartak,pbartakp@chicagotribune.com,Female,Human Resources,Brainlounge
27,Saudra,Hebblewhite,shebblewhiteq@fda.gov,Female,Sales,Eabox
28,Tan,Scotsbrook,tscotsbrookr@irs.gov,Male,Product Management,Topicblab
29,Austine,Barbie,abarbies@apache.org,Female,Services,Devpulse
30,Barbee,Scneider,bscneidert@webnode.com,Female,Research and Development,Gabtype
31,Brittne,Doerrling,bdoerrlingu@scientificamerican.com,Female,Engineering,Photobug
32,Gradey,Mynett,gmynettv@bandcamp.com,Male,Legal,Twimbo
33,Karol,Enright,kenrightw@lulu.com,Female,Support,Riffwire
34,Elsey,Bishopp,ebishoppx@cargocollective.com,Female,Legal,Vitz
35,Alvy,Desesquelle,adesesquelley@trellian.com,Male,Research and Development,Dynabox
36,Curcio,Martinot,cmartinotz@bloglines.com,Male,Sales,Yodel
37,Terza,Jennison,tjennison10@smugmug.com,Female,Training,Izio
38,Ollie,Sarfas,osarfas11@yellowpages.com,Female,Support,Skippad
39,Constantin,Raffeorty,craffeorty12@abc.net.au,Male,Engineering,Jaxspan
40,Noland,Torvey,ntorvey13@theglobeandmail.com,Male,Services,Feedfire
41,Marchall,Gulliman,mgulliman14@prweb.com,Male,Research and Development,Skinte
42,Chickie,Brigstock,cbrigstock15@slashdot.org,Female,Services,Zoombox
43,Noam,Mila,nmila16@bigcartel.com,Male,Product Management,Yombu
44,Glenna,Sisland,gsisland17@desdev.cn,Female,Legal,Katz
45,Yehudi,Whyley,ywhyley18@stanford.edu,Male,Training,Fivebridge
46,Eal,MacAleese,emacaleese19@cbc.ca,Male,Support,Kwideo
47,Darcie,Sandland,dsandland1a@csmonitor.com,Female,Research and Development,Quatz
48,Eddi,Fulop,efulop1b@macromedia.com,Female,Accounting,Tagopia
49,Kurtis,Lowther,klowther1c@google.pl,Male,Product Management,Realcube
50,Gilberto,Saulter,gsaulter1d@bbc.co.uk,Male,Engineering,Quimba
51,Gerianna,Elsip,gelsip1e@nyu.edu,Female,Support,Mydo
52,Gustavus,Seyers,gseyers1f@usa.gov,Male,Marketing,Skinder
53,Ozzy,Joblin,ojoblin1g@addtoany.com,Male,Training,Camido
54,Aluino,Cresswell,acresswell1h@go.com,Male,Engineering,Edgewire
55,Leilah,Ondrus,londrus1i@clickbank.net,Female,Sales,Devcast
56,Neilla,Dybell,ndybell1j@mozilla.org,Female,Research and Development,Photojam
57,Dulci,Bonome,dbonome1k@seesaa.net,Female,Marketing,Tekfly
58,Gerri,Ledamun,gledamun1l@nps.gov,Female,Research and Development,Twitterwire
59,Gustie,Eccersley,geccersley1m@nytimes.com,Female,Legal,Geba
60,Harv,Aistrop,haistrop1n@theatlantic.com,Male,Legal,Brainverse
61,Clementius,Toxell,ctoxell1o@unicef.org,Male,Sales,Gabcube
62,Oriana,Jessope,ojessope1p@lulu.com,Female,Engineering,Trupe
63,Dannie,Pesselt,dpesselt1q@netvibes.com,Male,Services,Jabbertype
64,Witty,Greetham,wgreetham1r@pagesperso-orange.fr,Male,Business Development,Youfeed
65,Marten,Fairleigh,mfairleigh1s@admin.ch,Male,Support,Eare
66,Harley,Limb,hlimb1t@mapy.cz,Female,Support,Gigabox
67,Vida,Gives,vgives1u@alibaba.com,Female,Engineering,Tagopia
68,Wally,Sidebottom,wsidebottom1v@google.co.uk,Male,Accounting,Aibox
69,Malynda,Schrir,mschrir1w@eventbrite.com,Female,Marketing,Mynte
70,Bancroft,D'Hooge,bdhooge1x@berkeley.edu,Male,Marketing,Gabcube
71,Romeo,Whatson,rwhatson1y@geocities.com,Male,Support,Topicshots
72,Brantley,Martineau,bmartineau1z@stanford.edu,Male,Research and Development,Buzzster
73,Jorgan,Kerslake,jkerslake20@nba.com,Male,Human Resources,Oyondu
74,Verene,Petley,vpetley21@prlog.org,Female,Services,Demimbu
75,Thorny,Pippard,tpippard22@mashable.com,Male,Research and Development,Rhybox
76,Darrelle,Hillen,dhillen23@networksolutions.com,Female,Marketing,Quatz
77,Romola,Allred,rallred24@msn.com,Female,Training,Edgepulse
78,Christabel,Phillippo,cphillippo25@aboutads.info,Female,Accounting,Flashdog
79,Cecil,Laffranconi,claffranconi26@linkedin.com,Male,Support,Yacero
80,Sherman,Borley,sborley27@si.edu,Male,Business Development,Gabtune
81,Gawain,Pau,gpau28@businessweek.com,Male,Support,Divape
82,Ede,Clemo,eclemo29@indiatimes.com,Female,Research and Development,Eamia
83,Sheelagh,Bricket,sbricket2a@fc2.com,Female,Human Resources,Devpoint
84,Hymie,Ertel,hertel2b@wordpress.com,Male,Training,Voolith
85,Homere,Filyushkin,hfilyushkin2c@blinklist.com,Male,Research and Development,Yodel
86,Goldia,Aldwick,galdwick2d@usa.gov,Female,Services,Dabfeed
87,Keene,McGinlay,kmcginlay2e@nydailynews.com,Male,Support,Vinder
88,Finley,Tyreman,ftyreman2f@so-net.ne.jp,Male,Accounting,Geba
89,Brew,Dubery,bdubery2g@huffingtonpost.com,Male,Legal,Katz
90,Jobi,Iddenden,jiddenden2h@plala.or.jp,Female,Product Management,Skyndu
91,Harriett,Orgel,horgel2i@comcast.net,Female,Marketing,Devbug
92,Louella,Douce,ldouce2j@sohu.com,Female,Legal,Mybuzz
93,Rodrick,Curner,rcurner2k@jugem.jp,Male,Research and Development,Abata
94,Rycca,Summerill,rsummerill2l@rediff.com,Female,Engineering,Twitterlist
95,Ewell,Abazi,eabazi2m@nps.gov,Male,Support,Babblestorm
96,Douglas,Gai,dgai2n@ca.gov,Male,Marketing,Zoomcast
97,Viola,Peris,vperis2o@psu.edu,Female,Sales,Yombu
98,Standford,Goullee,sgoullee2p@lycos.com,Male,Accounting,Meeveo
99,Kalvin,Freund,kfreund2q@51.la,Male,Legal,Trilith
100,Suzette,Engledow,sengledow2r@biblegateway.com,Female,Sales,Jaxnation
101,Ted,Lyons,tlyons2s@weebly.com,Male,Sales,Browsebug
102,Naoma,Rieme,nrieme2t@vk.com,Female,Engineering,Feedfire
103,Charisse,Folliss,cfolliss2u@eepurl.com,Female,Legal,Jazzy
104,Lissie,Gethins,lgethins2v@webmd.com,Female,Support,InnoZ
105,Josey,Dewane,jdewane2w@newsvine.com,Female,Sales,Jazzy
106,Wendye,Mussalli,wmussalli2x@alexa.com,Female,Business Development,Skyvu
107,Weider,Penzer,wpenzer2y@economist.com,Male,Legal,Jaxnation
108,Frederich,Whopples,fwhopples2z@macromedia.com,Male,Services,Devcast
109,Stephannie,Truse,struse30@uol.com.br,Female,Services,Katz
110,Silas,Wanka,swanka31@multiply.com,Male,Product Management,Voomm
111,Goldi,Annice,gannice32@blogs.com,Female,Accounting,Yozio
112,Peggie,Vedeneev,pvedeneev33@nsw.gov.au,Female,Sales,Skyvu
113,Raoul,Battill,rbattill34@uiuc.edu,Male,Training,Tagcat
114,Stefan,Zarfai,szarfai35@bluehost.com,Male,Marketing,Voomm
115,Davidde,Strover,dstrover36@ucoz.com,Male,Legal,Riffpath
116,Germaine,Phythien,gphythien37@dion.ne.jp,Female,Support,Zoombox
117,Mollie,Suttling,msuttling38@mozilla.com,Female,Product Management,Vipe
118,Vivia,Wollard,vwollard39@icq.com,Female,Business Development,Voonder
119,Engracia,Mosco,emosco3a@chicagotribune.com,Female,Product Management,Blogspan
120,Helyn,Koubu,hkoubu3b@issuu.com,Female,Services,Yakitri
121,Latrena,Broster,lbroster3c@wordpress.org,Female,Product Management,Vimbo
122,Cherry,Goscomb,cgoscomb3d@cocolog-nifty.com,Female,Marketing,Voonte
123,Forest,Eskrick,feskrick3e@hubpages.com,Male,Sales,Vitz
124,Gusty,Kirrage,gkirrage3f@reddit.com,Female,Research and Development,Tagtune
125,Crissy,Paulus,cpaulus3g@quantcast.com,Female,Marketing,Devcast
126,Kirby,Agate,kagate3h@hc360.com,Female,Marketing,Jaxnation
127,Alena,Yakunchikov,ayakunchikov3i@wikimedia.org,Female,Business Development,Brainbox
128,Corliss,Rizzelli,crizzelli3j@nationalgeographic.com,Female,Sales,Riffpath
129,Obadiah,Hubery,ohubery3k@sakura.ne.jp,Male,Services,Trilith
130,Vilhelmina,Butterworth,vbutterworth3l@webnode.com,Female,Marketing,Voonyx
131,Son,Lusty,slusty3m@wordpress.org,Male,Business Development,Voolith
132,Cindy,Canas,ccanas3n@chronoengine.com,Female,Training,Oodoo
133,Daven,Reame,dreame3o@usa.gov,Male,Product Management,Eayo
134,Egor,Redhead,eredhead3p@time.com,Male,Research and Development,Trupe
135,Desiree,Penas,dpenas3q@uol.com.br,Female,Training,Flashpoint
136,Laurice,Deery,ldeery3r@elpais.com,Female,Research and Development,Innojam
137,Osborn,Duffitt,oduffitt3s@newsvine.com,Male,Business Development,Quamba
138,Abagael,Vedstra,avedstra3t@soundcloud.com,Female,Support,Eidel
139,Lebbie,Everingham,leveringham3u@goodreads.com,Female,Support,Fatz
140,Nicolais,Stollard,nstollard3v@google.ca,Male,Legal,Thoughtbeat
141,Udell,Acedo,uacedo3w@nbcnews.com,Male,Engineering,Chatterpoint
142,Laure,Treharne,ltreharne3x@printfriendly.com,Female,Sales,Buzzdog
143,Elonore,Johncey,ejohncey3y@imgur.com,Female,Marketing,Quire
144,Shirl,Ubsdell,subsdell3z@bizjournals.com,Female,Sales,Voolith
145,Abeu,Symes,asymes40@twitpic.com,Male,Marketing,Twitterworks
146,Killie,Canacott,kcanacott41@seesaa.net,Male,Product Management,Fliptune
147,Niccolo,Rosingdall,nrosingdall42@about.com,Male,Legal,Blogpad
148,Darius,McIver,dmciver43@mayoclinic.com,Male,Training,Feednation
149,Vernen,Nuttall,vnuttall44@simplemachines.org,Male,Support,Brainsphere
150,Price,Liddington,pliddington45@artisteer.com,Male,Services,Flipopia
151,Alexi,Motherwell,amotherwell46@seattletimes.com,Female,Research and Development,Skalith
152,Lemuel,Warn,lwarn47@furl.net,Male,Legal,Feedbug
153,Clemmie,Daice,cdaice48@home.pl,Male,Sales,Gevee
154,Barnabas,Joriot,bjoriot49@theatlantic.com,Male,Research and Development,Trunyx
155,Granville,Van Zon,gvanzon4a@ezinearticles.com,Male,Sales,Ainyx
156,Vicky,Nickell,vnickell4b@php.net,Female,Sales,Rhynyx
157,Bernette,Andress,bandress4c@unc.edu,Female,Services,Tagopia
158,Giustino,Scarfe,gscarfe4d@imdb.com,Male,Accounting,Fadeo
159,Torie,Lillgard,tlillgard4e@guardian.co.uk,Female,Sales,Fiveclub
160,Godart,Van't Hoff,gvanthoff4f@sciencedirect.com,Male,Training,Feedspan
161,Bailey,Disman,bdisman4g@cornell.edu,Male,Sales,Pixope
162,Aurthur,Paulucci,apaulucci4h@angelfire.com,Male,Training,Photobug
163,Tobye,Klampt,tklampt4i@facebook.com,Female,Human Resources,Plambee
164,Kitty,Szapiro,kszapiro4j@de.vu,Female,Training,Meembee
165,Kittie,Mayhou,kmayhou4k@altervista.org,Female,Support,Oloo
166,Leodora,Bagniuk,lbagniuk4l@howstuffworks.com,Female,Business Development,Eazzy
167,Nessie,Pindred,npindred4m@moonfruit.com,Female,Business Development,Photobug
168,Cozmo,Fuller,cfuller4n@bbb.org,Male,Business Development,Voonder
169,Cecil,Petrik,cpetrik4o@dedecms.com,Female,Services,Edgeclub
170,Tanya,Beyne,tbeyne4p@youku.com,Female,Training,Livetube
171,Homer,Layzell,hlayzell4q@indiegogo.com,Male,Product Management,Yamia
172,Ebenezer,Kulic,ekulic4r@naver.com,Male,Product Management,Dynabox
173,Bo,Korb,bkorb4s@mlb.com,Male,Services,Linktype
174,Devina,Cardoo,dcardoo4t@eventbrite.com,Female,Legal,Latz
175,Francine,Greenmon,fgreenmon4u@e-recht24.de,Female,Accounting,Tambee
176,Albrecht,Busen,abusen4v@tripadvisor.com,Male,Support,InnoZ
177,Fran,Grebert,fgrebert4w@infoseek.co.jp,Male,Sales,Shuffledrive
178,Trey,Maystone,tmaystone4x@trellian.com,Male,Sales,Yakitri
179,Alice,Norcliffe,anorcliffe4y@fotki.com,Female,Human Resources,Kimia
180,Kyle,Goodram,kgoodram4z@fda.gov,Male,Training,Kimia
181,Rosco,Dyball,rdyball50@timesonline.co.uk,Male,Accounting,Browsedrive
182,Dur,Bedford,dbedford51@weibo.com,Male,Services,Divape
183,Carlie,Fairbank,cfairbank52@jimdo.com,Female,Marketing,Edgetag
184,Jakie,Cozzi,jcozzi53@paginegialle.it,Male,Services,Browsecat
185,Aland,Blaza,ablaza54@parallels.com,Male,Business Development,Jaxworks
186,Tomlin,Aurelius,taurelius55@dot.gov,Male,Research and Development,Thoughtstorm
187,Domenico,Gianetti,dgianetti56@chicagotribune.com,Male,Support,Mudo
188,Pietrek,Mansbridge,pmansbridge57@usnews.com,Male,Services,Skinix
189,Sylas,McMurty,smcmurty58@toplist.cz,Male,Business Development,Flipopia
190,Devland,Lark,dlark59@sphinn.com,Male,Business Development,Realblab
191,Hazlett,Bucklee,hbucklee5a@amazon.co.jp,Male,Human Resources,Zooveo
192,Lionel,Channing,lchanning5b@friendfeed.com,Male,Legal,Skilith
193,Roxie,Timperley,rtimperley5c@tmall.com,Female,Product Management,Babbleblab
194,Benjie,Andrassy,bandrassy5d@behance.net,Male,Support,Realblab
195,Conni,Barfitt,cbarfitt5e@blog.com,Female,Sales,Centizu
196,Tito,Maureen,tmaureen5f@senate.gov,Male,Research and Development,Topicware
197,Aldwin,Mattersey,amattersey5g@sciencedirect.com,Male,Support,Zoozzy
198,Myrlene,Hlavac,mhlavac5h@weather.com,Female,Sales,Blogspan
199,Hercule,Glowacki,hglowacki5i@com.com,Male,Legal,Thoughtblab
200,Seana,Reynold,sreynold5j@wired.com,Female,Services,Tanoodle
201,Osbert,Pedrielli,opedrielli5k@youtube.com,Male,Marketing,Yodoo
202,Arel,Axworthy,aaxworthy5l@vk.com,Male,Human Resources,Mydo
203,Vite,Leupold,vleupold5m@etsy.com,Male,Accounting,Bluejam
204,Perl,Rubega,prubega5n@slideshare.net,Female,Marketing,Rhybox
205,Dimitri,Ugolini,dugolini5o@bluehost.com,Male,Product Management,Brainbox
206,Judy,O'Loghlen,jologhlen5p@spiegel.de,Female,Marketing,Minyx
207,Brnaby,Pock,bpock5q@tiny.cc,Male,Services,Ooba
208,Glynn,Konke,gkonke5r@discovery.com,Male,Research and Development,Skidoo
209,Dorelia,Waddie,dwaddie5s@desdev.cn,Female,Research and Development,Camido
210,Rayna,Matts,rmatts5t@reverbnation.com,Female,Services,Flashpoint
211,Sigfrid,Asken,sasken5u@weather.com,Male,Human Resources,Yakidoo
212,Alfredo,Capini,acapini5v@thetimes.co.uk,Male,Human Resources,Blognation
213,Loren,Coupe,lcoupe5w@gov.uk,Female,Business Development,Innojam
214,Ardelia,Georgeau,ageorgeau5x@hc360.com,Female,Legal,Jayo
215,Clayson,Dallosso,cdallosso5y@springer.com,Male,Human Resources,Oyope
216,Sammy,Duffie,sduffie5z@biglobe.ne.jp,Female,Engineering,Linkbridge
217,Svend,Mateiko,smateiko60@wp.com,Male,Accounting,Cogidoo
218,Tiffy,Laverock,tlaverock61@skype.com,Female,Engineering,Ooba
219,Pail,Keam,pkeam62@craigslist.org,Male,Support,Youtags
220,Arly,Bingle,abingle63@people.com.cn,Female,Research and Development,Devbug
221,Chastity,Lohrensen,clohrensen64@huffingtonpost.com,Female,Services,Snaptags
222,Pail,Pods,ppods65@ycombinator.com,Male,Legal,Kaymbo
223,Brockie,Attwill,battwill66@sun.com,Male,Accounting,Voonix
224,Waldo,Binning,wbinning67@squidoo.com,Male,Services,Skippad
225,August,Munn,amunn68@amazon.com,Male,Sales,Ailane
226,Camilla,McQuode,cmcquode69@state.gov,Female,Engineering,Yodel
227,Catlin,Tatlowe,ctatlowe6a@narod.ru,Female,Business Development,Twitterbeat
228,Zeb,Durn,zdurn6b@buzzfeed.com,Male,Support,Skippad
229,Stanly,Vokes,svokes6c@globo.com,Male,Sales,Trudoo
230,Nickey,Steen,nsteen6d@cbc.ca,Male,Support,Thoughtmix
231,Archie,Simoneau,asimoneau6e@acquirethisname.com,Male,Sales,Brainverse
232,Coletta,Peschmann,cpeschmann6f@patch.com,Female,Services,Feedmix
233,Abraham,Philcock,aphilcock6g@reverbnation.com,Male,Accounting,Gabtune
234,Darius,Turbayne,dturbayne6h@vinaora.com,Male,Marketing,Cogilith
235,Ian,Solomonides,isolomonides6i@nymag.com,Male,Support,Livefish
236,Errick,Gartshore,egartshore6j@liveinternet.ru,Male,Support,Photofeed
237,Mendel,Saiger,msaiger6k@businessweek.com,Male,Human Resources,Topicblab
238,Evita,Lohmeyer,elohmeyer6l@pcworld.com,Female,Training,Oyoyo
239,Ave,Darter,adarter6m@apple.com,Male,Legal,Voonte
240,Russell,Assur,rassur6n@wp.com,Male,Research and Development,Kaymbo
241,Mab,Derks,mderks6o@oakley.com,Female,Sales,Linktype
242,Alfonse,Hurn,ahurn6p@ihg.com,Male,Services,Ntags
243,Austin,Kernell,akernell6q@hc360.com,Male,Human Resources,Dynava
244,Odie,MacLennan,omaclennan6r@i2i.jp,Male,Engineering,Quamba
245,Mimi,Morville,mmorville6s@pinterest.com,Female,Business Development,Trunyx
246,Marlow,Dagleas,mdagleas6t@ameblo.jp,Male,Marketing,Aimbu
247,Kerby,Caughtry,kcaughtry6u@jalbum.net,Male,Marketing,Buzzbean
248,Karisa,Maudett,kmaudett6v@si.edu,Female,Training,Realbuzz
249,Marlo,Chetham,mchetham6w@google.es,Male,Services,Eadel
250,Jeannette,Kwietek,jkwietek6x@aboutads.info,Female,Engineering,Quaxo
251,Bing,Dressell,bdressell6y@wisc.edu,Male,Business Development,Miboo
252,Thane,Reeks,treeks6z@cnn.com,Male,Services,Chatterbridge
253,Imelda,Emmott,iemmott70@columbia.edu,Female,Training,Leenti
254,Mercy,Vida,mvida71@cisco.com,Female,Marketing,Trilith
255,Katya,Benadette,kbenadette72@apache.org,Female,Training,Livefish
256,Linda,Bartlomiejczyk,lbartlomiejczyk73@google.com.hk,Female,Engineering,Oodoo
257,Ddene,Cuncliffe,dcuncliffe74@homestead.com,Female,Sales,Devpoint
258,Tina,Brabbins,tbrabbins75@jiathis.com,Female,Human Resources,Brightbean
259,Rici,Burnett,rburnett76@umich.edu,Female,Product Management,Topicshots
260,Hasheem,Halifax,hhalifax77@t-online.de,Male,Accounting,Kare
261,Gabby,Stranahan,gstranahan78@redcross.org,Male,Training,Browsebug
262,Dukie,Schlagh,dschlagh79@hugedomains.com,Male,Engineering,Shuffletag
263,Davida,Corragan,dcorragan7a@oakley.com,Female,Human Resources,Zava
264,Albrecht,Velareal,avelareal7b@nih.gov,Male,Legal,Geba
265,Edita,Salkeld,esalkeld7c@chronoengine.com,Female,Research and Development,Twitterbeat
266,Marc,Mingotti,mmingotti7d@accuweather.com,Male,Support,Skibox
267,Sacha,Ruddy,sruddy7e@go.com,Female,Training,Youopia
268,Angy,Eagell,aeagell7f@indiegogo.com,Female,Product Management,Photofeed
269,Vivianna,Hefner,vhefner7g@ycombinator.com,Female,Human Resources,Twitterwire
270,Elfreda,Stilling,estilling7h@so-net.ne.jp,Female,Research and Development,Meemm
271,Franklyn,Elmore,felmore7i@patch.com,Male,Human Resources,Topicblab
272,Baillie,Tomley,btomley7j@amazonaws.com,Male,Business Development,Innojam
273,Anet,Lynn,alynn7k@paginegialle.it,Female,Training,Talane
274,Agathe,Pagram,apagram7l@springer.com,Female,Research and Development,Geba
275,Dario,Craighead,dcraighead7m@trellian.com,Male,Human Resources,Babblestorm
276,Clyde,Kibel,ckibel7n@technorati.com,Male,Human Resources,Talane
277,Edd,Riseborough,eriseborough7o@liveinternet.ru,Male,Research and Development,Trilia
278,Otha,Corbin,ocorbin7p@dailymotion.com,Female,Research and Development,Vimbo
279,Nels,Habble,nhabble7q@sourceforge.net,Male,Research and Development,Blogpad
280,Kurt,Radbond,kradbond7r@goodreads.com,Male,Services,Mudo
281,Roddie,Evanson,revanson7s@comsenz.com,Male,Business Development,Vinte
282,Bill,Spiller,bspiller7t@a8.net,Female,Product Management,Trudeo
283,Walden,Partner,wpartner7u@amazon.de,Male,Research and Development,Nlounge
284,Arliene,MacKee,amackee7v@yolasite.com,Female,Services,Zoozzy
285,Vonni,Sember,vsember7w@google.com.br,Female,Research and Development,Camimbo
286,Paul,Juster,pjuster7x@t.co,Male,Legal,Ozu
287,Grazia,Goby,ggoby7y@miitbeian.gov.cn,Female,Services,Zoombeat
288,Tyrus,Heppner,theppner7z@arizona.edu,Male,Research and Development,Quaxo
289,Enrico,Follacaro,efollacaro80@go.com,Male,Marketing,Voonder
290,Cal,Peery,cpeery81@nytimes.com,Female,Research and Development,Avamba
291,Camila,Connop,cconnop82@google.es,Female,Business Development,Eidel
292,Gerek,De Vere,gdevere83@meetup.com,Male,Engineering,Dabfeed
293,Ellary,Starzaker,estarzaker84@elpais.com,Male,Support,Chatterbridge
294,Sheffie,Metzel,smetzel85@eepurl.com,Male,Marketing,Voonix
295,Meryl,Dufour,mdufour86@nydailynews.com,Male,Services,Tanoodle
296,Flin,Soonhouse,fsoonhouse87@de.vu,Male,Accounting,Cogilith
297,Fannie,Hawyes,fhawyes88@virginia.edu,Female,Research and Development,Innotype
298,Murry,Seviour,mseviour89@army.mil,Male,Support,Edgewire
299,Raleigh,Stredwick,rstredwick8a@cafepress.com,Male,Support,Demizz
300,Peadar,Shoebrook,pshoebrook8b@reuters.com,Male,Training,Photojam
301,Vinny,Choppen,vchoppen8c@narod.ru,Male,Human Resources,Jaxspan
302,Dehlia,Richardsson,drichardsson8d@clickbank.net,Female,Training,Gabtype
303,Barrie,Bernini,bbernini8e@oakley.com,Female,Research and Development,Skipfire
304,Corina,Purnell,cpurnell8f@columbia.edu,Female,Accounting,Gabvine
305,Tessie,Kisbee,tkisbee8g@delicious.com,Female,Accounting,Oyoyo
306,Chloe,Henrichs,chenrichs8h@bloglovin.com,Female,Business Development,Meemm
307,Charmian,Pumphreys,cpumphreys8i@so-net.ne.jp,Female,Services,Linklinks
308,Bryce,Lawlance,blawlance8j@infoseek.co.jp,Male,Support,Wordware
309,Heinrick,Gother,hgother8k@theguardian.com,Male,Marketing,Minyx
310,Gale,Ingolotti,gingolotti8l@is.gd,Male,Services,Aivee
311,Sukey,Egalton,segalton8m@netscape.com,Female,Engineering,Yakijo
312,Verena,Groucock,vgroucock8n@cam.ac.uk,Female,Human Resources,Dynazzy
313,Burtie,Conachie,bconachie8o@imdb.com,Male,Research and Development,Oloo
314,Kinnie,Engelmann,kengelmann8p@dedecms.com,Male,Product Management,Realcube
315,Corenda,Crickmer,ccrickmer8q@nih.gov,Female,Engineering,Jetwire
316,Sibilla,Brouard,sbrouard8r@ca.gov,Female,Support,Pixonyx
317,Darcey,Penhearow,dpenhearow8s@macromedia.com,Female,Services,Edgepulse
318,Townsend,Arnao,tarnao8t@sitemeter.com,Male,Product Management,Muxo
319,Allie,Halford,ahalford8u@cloudflare.com,Male,Support,Topicshots
320,Joline,Minards,jminards8v@php.net,Female,Engineering,Bubblemix
321,Saw,Pennycook,spennycook8w@goo.ne.jp,Male,Accounting,Lazz
322,Jillane,Vido,jvido8x@drupal.org,Female,Accounting,Feedspan
323,Aurlie,Fronzek,afronzek8y@msn.com,Female,Training,Oyonder
324,Duane,Paffley,dpaffley8z@boston.com,Male,Engineering,Skiptube
325,Prinz,Tolefree,ptolefree90@telegraph.co.uk,Male,Human Resources,Dynabox
326,Paddy,Golledge,pgolledge91@mapy.cz,Male,Training,Fadeo
327,Cilka,Tesseyman,ctesseyman92@state.gov,Female,Research and Development,Thoughtstorm
328,Charmaine,Bridger,cbridger93@paypal.com,Female,Training,Topicblab
329,Jsandye,Whiley,jwhiley94@ocn.ne.jp,Female,Accounting,Yata
330,Parrnell,le Keux,plekeux95@pinterest.com,Male,Services,Agimba
331,Anette,Dent,adent96@istockphoto.com,Female,Legal,Youspan
332,Shanan,Meneux,smeneux97@discuz.net,Male,Legal,Trunyx
333,Vince,Parmby,vparmby98@telegraph.co.uk,Male,Product Management,Edgeclub
334,Abra,Spurdens,aspurdens99@pinterest.com,Female,Services,Yadel
335,Bard,Burwin,bburwin9a@miibeian.gov.cn,Male,Engineering,Thoughtstorm
336,Carmelia,Antic,cantic9b@t.co,Female,Research and Development,Topicstorm
337,Constancy,Lepick,clepick9c@uol.com.br,Female,Marketing,Edgepulse
338,Evangeline,Mateuszczyk,emateuszczyk9d@xing.com,Female,Sales,Fiveclub
339,Lauraine,Siggens,lsiggens9e@github.com,Female,Sales,Eamia
340,Beryle,Shurey,bshurey9f@loc.gov,Female,Training,Dabjam
341,Rowney,Spiaggia,rspiaggia9g@abc.net.au,Male,Business Development,Demizz
342,Giorgio,Kimbling,gkimbling9h@goodreads.com,Male,Product Management,Shuffletag
343,Donn,Giddings,dgiddings9i@paypal.com,Male,Research and Development,Realfire
344,Wendi,Hudleston,whudleston9j@ucsd.edu,Female,Accounting,Mynte
345,Vidovik,Whistlecroft,vwhistlecroft9k@pagesperso-orange.fr,Male,Human Resources,Jetwire
346,Tremaine,Atkinson,tatkinson9l@t.co,Male,Research and Development,Tagtune
347,Karalynn,Oppie,koppie9m@nyu.edu,Female,Accounting,Quimba
348,Albrecht,Downes,adownes9n@t-online.de,Male,Product Management,Jetwire
349,Jesse,Bringloe,jbringloe9o@shareasale.com,Female,Services,Divanoodle
350,Ase,Devonport,adevonport9p@house.gov,Male,Marketing,Zoombeat
351,Rory,Featherstonehaugh,rfeatherstonehaugh9q@shutterfly.com,Male,Human Resources,Dabtype
352,Odella,Barta,obarta9r@biblegateway.com,Female,Product Management,Fivespan
353,Noach,Edgler,nedgler9s@cnn.com,Male,Sales,Gabspot
354,Neel,Milmore,nmilmore9t@va.gov,Male,Business Development,Podcat
355,Baird,Liebermann,bliebermann9u@homestead.com,Male,Engineering,Yakijo
356,Cori,Cottem,ccottem9v@dyndns.org,Male,Product Management,Aimbu
357,Jo,McNerlin,jmcnerlin9w@omniture.com,Male,Sales,Mydeo
358,Delores,Comben,dcomben9x@tuttocitta.it,Female,Product Management,Voonte
359,Meredith,Timms,mtimms9y@printfriendly.com,Male,Business Development,Dazzlesphere
360,Maribel,Downage,mdownage9z@cisco.com,Female,Legal,Eadel
361,Addison,Flanagan,aflanagana0@flickr.com,Male,Services,Agivu
362,Rhianon,Dollin,rdollina1@imgur.com,Female,Human Resources,Jabbersphere
363,Kerrill,Dunbobin,kdunbobina2@youtube.com,Female,Legal,Twimbo
364,Benedicto,Foyster,bfoystera3@purevolume.com,Male,Accounting,Viva
365,Caryn,Crayden,ccraydena4@ox.ac.uk,Female,Engineering,Vinder
366,Bartlett,Wentworth,bwentwortha5@hubpages.com,Male,Marketing,Vipe
367,Delcine,O' Donohoe,dodonohoea6@barnesandnoble.com,Female,Legal,Vidoo
368,Eddie,Ellaman,eellamana7@xing.com,Female,Support,Jayo
369,Gray,Poller,gpollera8@google.it,Male,Business Development,Meetz
370,Katey,Twinterman,ktwintermana9@1und1.de,Female,Research and Development,Cogilith
371,Gerianne,Busswell,gbusswellaa@wordpress.com,Female,Training,Photolist
372,Bevon,Golightly,bgolightlyab@sogou.com,Male,Engineering,Yozio
373,Tory,Stickells,tstickellsac@histats.com,Female,Marketing,Cogilith
374,Hubie,Fotherby,hfotherbyad@census.gov,Male,Marketing,Babbleopia
375,Gorden,Licence,glicenceae@thetimes.co.uk,Male,Human Resources,Feedmix
376,Piotr,Hunnicutt,phunnicuttaf@washington.edu,Male,Legal,Devshare
377,Deane,Grece,dgreceag@bandcamp.com,Female,Human Resources,Ntag
378,Virgina,Tinham,vtinhamah@ow.ly,Female,Support,Photofeed
379,Torry,Cello,tcelloai@wikispaces.com,Male,Business Development,Voonyx
380,Reine,Peel,rpeelaj@miibeian.gov.cn,Female,Business Development,Thoughtstorm
381,Adara,Dumberrill,adumberrillak@weebly.com,Female,Business Development,Izio
382,Estevan,Accombe,eaccombeal@shinystat.com,Male,Research and Development,Skiba
383,Caryl,Berzon,cberzonam@blog.com,Male,Research and Development,Oyoloo
384,Earlie,Bonifacio,ebonifacioan@privacy.gov.au,Male,Marketing,Realmix
385,Mano,Euesden,meuesdenao@privacy.gov.au,Male,Sales,Twitterworks
386,Edgar,Swadlin,eswadlinap@yale.edu,Male,Marketing,Skivee
387,Gates,Gillions,ggillionsaq@tripod.com,Female,Human Resources,Kamba
388,Kaiser,Tonkinson,ktonkinsonar@omniture.com,Male,Product Management,Livefish
389,Trueman,Bare,tbareas@infoseek.co.jp,Male,Business Development,Meembee
390,Peder,Gudge,pgudgeat@miitbeian.gov.cn,Male,Research and Development,Pixoboo
391,Dwain,Christofle,dchristofleau@wikipedia.org,Male,Accounting,Gigabox
392,Jonas,Darlasson,jdarlassonav@npr.org,Male,Sales,Aivee
393,Hillary,Paulack,hpaulackaw@mit.edu,Male,Engineering,Photospace
394,Wini,Ragot,wragotax@webnode.com,Female,Training,Pixoboo
395,Yehudi,Meenehan,ymeenehanay@wunderground.com,Male,Services,Mydo
396,Erhart,Yakubowicz,eyakubowiczaz@eventbrite.com,Male,Engineering,Blogtags
397,Charil,Joyson,cjoysonb0@homestead.com,Female,Marketing,Topicstorm
398,Rosco,Fivey,rfiveyb1@wikimedia.org,Male,Support,Aimbu
399,Stesha,Goatcher,sgoatcherb2@illinois.edu,Female,Research and Development,Avaveo
400,Sacha,Letherbury,sletherburyb3@arstechnica.com,Female,Support,Meejo
401,Otho,Lepper,olepperb4@pcworld.com,Male,Engineering,Topiclounge
402,Jane,Trahair,jtrahairb5@wordpress.org,Female,Business Development,Buzzbean
403,Saidee,Fenimore,sfenimoreb6@google.de,Female,Sales,Gabcube
404,Lynnea,Stuart,lstuartb7@nbcnews.com,Female,Research and Development,Kimia
405,Katharyn,Shalcras,kshalcrasb8@wp.com,Female,Support,Flipstorm
406,Tedd,Harrow,tharrowb9@cbsnews.com,Male,Research and Development,Yozio
407,Adelbert,Normant,anormantba@virginia.edu,Male,Training,Zooveo
408,Clio,Espinheira,cespinheirabb@marketwatch.com,Female,Business Development,Aimbo
409,Viviyan,MacLeod,vmacleodbc@constantcontact.com,Female,Training,Zoovu
410,Syd,Ainger,saingerbd@google.com.br,Male,Support,Demivee
411,Emmie,Douberday,edouberdaybe@marketwatch.com,Female,Services,Ooba
412,Antonino,Hallaways,ahallawaysbf@spotify.com,Male,Research and Development,Zoomdog
413,Demetris,Vlasov,dvlasovbg@sourceforge.net,Female,Business Development,Jabberstorm
414,Leslie,Bensen,lbensenbh@newyorker.com,Male,Engineering,Topiczoom
415,Ulick,Bathoe,ubathoebi@cnn.com,Male,Engineering,Feedmix
416,Isaiah,Millions,imillionsbj@chronoengine.com,Male,Support,Photojam
417,Rustin,Mc Gee,rmcgeebk@alibaba.com,Male,Marketing,Jaxnation
418,Dan,Barbara,dbarbarabl@ted.com,Male,Legal,Zoonoodle
419,Yvette,Bows,ybowsbm@gov.uk,Female,Human Resources,Avaveo
420,Guendolen,Goricke,ggorickebn@mlb.com,Female,Human Resources,Quamba
421,Dallas,Chadburn,dchadburnbo@1und1.de,Female,Sales,Quimm
422,Sigismundo,Byrth,sbyrthbp@comsenz.com,Male,Business Development,Bluezoom
423,Lida,Samter,lsamterbq@europa.eu,Female,Sales,Blognation
424,Lonnard,Yerrall,lyerrallbr@reverbnation.com,Male,Product Management,Skidoo
425,Margy,Bronger,mbrongerbs@gnu.org,Female,Support,Voonder
426,Augustina,Davson,adavsonbt@comcast.net,Female,Engineering,Yadel
427,Allister,Gislebert,agislebertbu@shareasale.com,Male,Support,Riffpath
428,Emmery,Treslove,etreslovebv@php.net,Male,Product Management,Blogspan
429,Mable,Danilyuk,mdanilyukbw@tmall.com,Female,Legal,Zoombeat
430,Jaimie,Callendar,jcallendarbx@com.com,Female,Training,Ntag
431,Robbin,Shinn,rshinnby@ocn.ne.jp,Female,Accounting,Talane
432,Eldin,Bakhrushin,ebakhrushinbz@example.com,Male,Services,Skimia
433,Christine,Featonby,cfeatonbyc0@microsoft.com,Female,Product Management,Topicshots
434,Hazlett,Martusov,hmartusovc1@studiopress.com,Male,Accounting,Browseblab
435,Leesa,Drover,ldroverc2@tinypic.com,Female,Support,Edgeblab
436,Niki,Hindmoor,nhindmoorc3@hao123.com,Female,Support,Omba
437,Tamera,Sizland,tsizlandc4@netlog.com,Female,Engineering,Photolist
438,Kerianne,Grigolon,kgrigolonc5@over-blog.com,Female,Marketing,Innojam
439,Guinna,Leifer,gleiferc6@java.com,Female,Engineering,Pixope
440,Filmore,Sedgwick,fsedgwickc7@bigcartel.com,Male,Engineering,Zoovu
441,Marcel,Braidwood,mbraidwoodc8@amazonaws.com,Male,Legal,Trunyx
442,Eleanora,Tree,etreec9@dot.gov,Female,Product Management,Zoomzone
443,Symon,Yanson,syansonca@homestead.com,Male,Engineering,Skippad
444,Levon,Emanuelli,lemanuellicb@mapy.cz,Male,Product Management,Meemm
445,Antonino,Gofforth,agofforthcc@flavors.me,Male,Services,Tagpad
446,Aldo,Wastall,awastallcd@shutterfly.com,Male,Human Resources,Yodoo
447,Teresita,Elijah,telijahce@independent.co.uk,Female,Engineering,Shufflester
448,Hillard,Cawthery,hcawtherycf@va.gov,Male,Training,Centizu
449,Kimberley,Harmond,kharmondcg@multiply.com,Female,Marketing,Topicstorm
450,Fionna,Higgonet,fhiggonetch@last.fm,Female,Business Development,Meetz
451,Worden,Cubin,wcubinci@pen.io,Male,Services,Lazzy
452,Charline,Corse,ccorsecj@dion.ne.jp,Female,Services,Wordpedia
453,Ginger,Collinson,gcollinsonck@zimbio.com,Male,Training,Shufflester
454,Helaina,Midford,hmidfordcl@elpais.com,Female,Research and Development,Skyvu
455,Willey,Strongitharm,wstrongitharmcm@marketwatch.com,Male,Marketing,Npath
456,Saunders,Zielinski,szielinskicn@dailymotion.com,Male,Marketing,Lazzy
457,Jared,Manders,jmandersco@posterous.com,Male,Training,Bubblemix
458,Elka,Shevlan,eshevlancp@taobao.com,Female,Research and Development,Mymm
459,Ysabel,Lillistone,ylillistonecq@delicious.com,Female,Research and Development,Quinu
460,Edgardo,Gribbell,egribbellcr@nationalgeographic.com,Male,Support,Teklist
461,Torey,Izacenko,tizacenkocs@seesaa.net,Male,Services,Tekfly
462,Tad,Baglin,tbaglinct@deliciousdays.com,Male,Research and Development,Voonte
463,Una,Saller,usallercu@statcounter.com,Female,Product Management,Jaxnation
464,Dora,Jeness,djenesscv@foxnews.com,Female,Product Management,Meembee
465,Ebony,Sloey,esloeycw@uiuc.edu,Female,Marketing,Skaboo
466,Woodie,Flannigan,wflannigancx@yahoo.co.jp,Male,Training,Trilia
467,Nicol,Berzons,nberzonscy@geocities.com,Male,Accounting,Voonyx
468,Lorena,Tomblett,ltomblettcz@smugmug.com,Female,Training,Tambee
469,Tami,Clissell,tclisselld0@admin.ch,Female,Business Development,Mycat
470,Karen,Papez,kpapezd1@washingtonpost.com,Female,Research and Development,Linkbridge
471,Bryan,Lavalle,blavalled2@people.com.cn,Male,Training,Jabbersphere
472,Ewen,Maffucci,emaffuccid3@adobe.com,Male,Support,Brainsphere
473,Wilhelmina,D'Hooge,wdhooged4@google.de,Female,Accounting,Tavu
474,Terza,Beardsworth,tbeardsworthd5@xrea.com,Female,Marketing,Linktype
475,Tiphany,Woodrooffe,twoodrooffed6@4shared.com,Female,Support,Yamia
476,Duffie,Wathall,dwathalld7@chron.com,Male,Services,Quinu
477,Idelle,Kembry,ikembryd8@ning.com,Female,Support,Buzzdog
478,Jennifer,Emby,jembyd9@google.com.br,Female,Sales,Eidel
479,Godfry,Faro,gfaroda@icio.us,Male,Support,Topdrive
480,Gaspar,Bausor,gbausordb@com.com,Male,Marketing,Dazzlesphere
481,Evangelia,Lippiello,elippiellodc@unblog.fr,Female,Product Management,Kimia
482,Giulio,Durant,gdurantdd@spotify.com,Male,Accounting,Agivu
483,Natalie,Fishley,nfishleyde@google.pl,Female,Sales,Brainsphere
484,Barbara,Lorman,blormandf@bloomberg.com,Female,Research and Development,Wikizz
485,Yettie,Druitt,ydruittdg@wordpress.org,Female,Human Resources,Omba
486,Guinna,Clowsley,gclowsleydh@ft.com,Female,Research and Development,Demivee
487,Tabby,Akister,takisterdi@taobao.com,Female,Training,Gabspot
488,Russ,Kolodziej,rkolodziejdj@census.gov,Male,Business Development,Trilia
489,Daren,Hansill,dhansilldk@ihg.com,Male,Engineering,Skipfire
490,Diana,Wyldbore,dwyldboredl@purevolume.com,Female,Human Resources,Edgetag
491,Imogen,Millier,imillierdm@myspace.com,Female,Legal,Skinte
492,Janaya,Balsdone,jbalsdonedn@elegantthemes.com,Female,Marketing,Twimm
493,Homere,D'Oyly,hdoylydo@bloomberg.com,Male,Human Resources,Mydeo
494,Minnie,Kelner,mkelnerdp@illinois.edu,Female,Services,Dabjam
495,Cele,Hearnshaw,chearnshawdq@utexas.edu,Female,Training,Dabtype
496,Gard,Gurley,ggurleydr@wikia.com,Male,Sales,Buzzbean
497,Isabel,Tingly,itinglyds@google.nl,Female,Engineering,Flashpoint
498,Shoshanna,Edgerly,sedgerlydt@mtv.com,Female,Training,Quimm
499,Giffard,Yare,gyaredu@ft.com,Male,Product Management,Wikivu
500,Bernhard,Probat,bprobatdv@senate.gov,Male,Sales,Babbleset

